channel,elasticity,p_value,sales_lift_pct_per_10pct_spend
TV,-0.11239414175694412,0.5637210167463163,-1.123941417569441
Digital,0.17186342431746504,0.09989624406803409,1.7186342431746504
In-store Promo,0.1697909367243562,0.00019542396450026906,1.697909367243562
